id,name,carbohydrate,protein,fat,calories
1,꿩불고기,39.7,33.5,8.5,368.8
2,닭꼬치,13.3,11.6,8.6,176.7
3,더덕구이,31.1,3.1,5.2,184
4,도미구이,2.1,61.1,16.5,397
5,돼지갈비,8.1,19.5,14.4,240.3
6,병어구이,0.2,54.6,30.8,488
7,불고기,7.8,34.4,25.2,395.3
8,붕장어소금구이,11.6,26,16.2,296.5
9,소양념갈비구이,26.2,60.1,71.6,989.2
10,양념왕갈비,13.7,27.1,35.3,480.8
11,양념장어구이,8.8,30.8,30.6,433.4
12,임연수구이,3.5,53.8,29.4,494
13,짚불구이곰장어,2.3,42.7,16.2,326.2
14,햄버그스테이크,20.8,27,29.6,457.7
15,황태구이,26.9,47.8,15.4,437.6
16,훈제오리,12.1,43.1,64.1,797.1
17,게국지,31.7,44.9,12.1,415.3
18,곰치국,23.9,54.3,11.8,419.3
19,굴국밥,88.4,42.4,17.8,683
20,김치국,10.5,5.4,2.8,89
21,떡만둣국,110.7,20.1,11.3,624.9
22,만둣국,47.8,21.4,17.4,434.1
23,맑은감자국,34.6,8.3,5.5,221
24,매생이국,13.4,10,2.8,119
25,무된장국,14.7,6.1,2.4,104
26,미소된장국,2.8,2.8,1.8,38
27,바지락조개국,10.1,22,3.1,157
28,뼈다귀해장국,23.4,74.6,35.7,714
29,선지해장국,16.7,49.3,5.4,312
30,소고기무국,7.8,14.2,4,123
31,소고기미역국,7.7,18.1,5.3,151
32,순대국,17.3,43.5,33,540.3
33,시래기된장국,11,6.7,3.1,99
34,올갱이국,13,13.7,4.2,144.3
35,우거지해장국,13.5,11.9,5.9,154.4
36,우렁된장국,19.2,24.6,7.7,245
37,탕국,0.2,13.2,4.3,92.2
38,홍합미역국,11.6,19.7,4.7,167
39,황태해장국,5.7,24.5,6.8,181.7
40,고추잡채,26.2,11,12,256.8
41,난자완스,19.1,21.6,20.4,346.2
42,도토리묵말이,89.7,6.8,8.5,462.4
43,라조기,26.2,20.7,23.5,399
44,물회,55.3,34.4,18.9,529.4
45,생선물회,82.5,34.3,12.3,578
46,소고기샤브샤브,14.7,29.1,9.8,263.8
47,오징어순대,58.3,45.7,5.6,466.9
48,초당순두부,15.8,49.1,29.2,522.7
49,해파리냉채,13.4,6.2,1.4,91
50,고들빼기,10.9,1.6,0.6,55.5
51,열무얼갈이김치,2.6,1.1,0.3,17.7
52,미나리나물,2.2,1,1.8,29.5
53,취나물,3.3,1.4,6.2,74.1
54,콩나물,0.9,1.7,1.7,25.3
55,경단(깨),74.2,4.4,0.5,319.5
56,경단(콩),74,3.5,0.5,314.3
57,기피편,49,5.4,0.2,220
58,녹두시루떡,48.1,7.7,2.5,246.1
59,메밀전병,21.6,6.2,6.3,167.8
60,무지개떡,53,3.5,0.3,229
61,송편(깨),45,4.9,2.7,224.1
62,송편(콩),41.7,5.2,0.7,194.3
63,수수부꾸미,42.1,5.7,6.3,247.9
64,수수팥떡,43,6.7,0.6,204.2
65,시루떡,47.5,5.5,0.6,217.5
66,쑥떡,57.9,3.4,0.4,248.6
67,절편,43.9,3.6,0.3,192.9
68,찹쌀떡,65.6,3.3,0.2,276.9
69,간자장,134.2,22.3,22,824.5
70,굴짬뽕,115.7,32.9,9.6,680.7
71,기스면,89.8,37.8,10.7,606.9
72,김치라면,86.2,13.8,16.9,552
73,김치우동,99.1,15.5,4.6,500.2
74,냉김치말이국수,52,12.9,4.8,302.5
75,닭칼국수,94.7,42.2,12.8,663
76,둘깨칼국수,59.8,17.6,16.5,457.9
77,삼선우동,105.9,47.9,8.5,691.7
78,삼선자장면,126.5,33.6,18.1,803.9
79,삼선짬뽕,101.7,39.6,10.8,662.4
80,열무김치국수,69.6,15,10.2,431
81,열무냉면,97.5,20.8,5.8,525.5
82,오일소스스파게티,89.4,19.6,23.4,646.7
83,올갱이국수,111.6,11.2,8.3,566
84,우동(일식),74.2,13.4,7.9,421.5
85,우동(중식),85.4,29.5,21,648.5
86,울면,128.2,37.5,7.4,728.9
87,자장면,133.6,19.8,20.3,796.5
88,짬뽕라면,92,21.3,26.3,689
89,치즈라면,80,16.8,23,595
90,크림소스스파게티,73.8,21.8,50.6,837.6
91,토마토소스스파게티,93.2,24.3,19.2,642.6
92,해물칼국수,123.9,22.8,4.6,628.3
93,해물크림소스스파게티,87,30.4,49.8,917.6
94,해물토마토소스스파게티,87.2,28,13.7,584.4
95,골뱅이무침,15.7,7.1,2,108.8
96,노각무침,14.3,2.6,1.8,84
97,단무지무침,2.8,0.5,0.8,20
98,달래나물무침,23.8,4,2.8,136
99,더덕무침,43.4,4.3,2.8,216
100,도토리묵,10.4,0.3,0.3,45.6
101,밴댕이무침,46,29.8,33,600
102,서대회무침,45.9,22.6,4.6,315.2
103,쑥갓나물무침,6.6,4.5,5.7,96
104,우거지나물무침,8.7,4.5,8.5,129
105,쥐치채,10.9,2.8,0.1,55.9
106,청포묵무침,22.7,2.9,5.2,149
107,탕평채,12.3,3.6,3.8,97.5
108,홍어무침,26,17.9,2.6,198.9
109,고추장불고기 삼각김밥,34.1,3.7,1.6,165.3
110,곤드레나물밥,98.9,10.3,9.5,521.8
111,국밥,58.6,27.6,8.2,418.4
112,농어초밥,78.7,17.4,1.3,396.7
113,돼지국밥,74.7,66.4,38.6,911.4
114,류산슬덮밥,73.9,27,19,575
115,멍게비빔밥,90.7,16.6,13.1,547.2
116,멸치주먹밥,54.3,9,6.6,312
117,묵밥,128.6,14.8,7.7,642.2
118,문어초밥,81.8,14.6,0.7,392.2
119,삼선볶음밥,85.8,26.2,26.5,686.1
120,새우초밥,78.4,16.8,0.8,387.7
121,새우튀김롤,96.3,14.5,18.2,606.5
122,샐러드김밥,61.5,9.6,13.5,405.9
123,생선초밥(광어),77.5,27.1,3.9,453.8
124,생선초밥(모듬),76.4,25.4,6.1,462
125,소고기국밥,42.6,21.8,8.1,330.5
126,소고기김밥,62.5,16,9.6,400.6
127,송이덮밥,95.6,18.2,14.1,581.8
128,숯불갈비 삼각김밥,32.5,4,1.7,161.2
129,약초비빔밥,80.2,11.9,15.9,511.8
130,연어롤,74.3,18.6,15.4,510.2
131,연어초밥,71,18.9,9.7,447.3
132,오곡밥,82.3,12,1.3,388.8
133,자장밥,120.1,15.2,22.3,741.7
134,잡탕밥,104.9,44.1,20.1,777.4
135,장어초밥,80.7,16.5,10.8,486.3
136,참치덮밥,102.9,29.2,16.7,679.1
137,참치마요네즈 삼각김밥,32,3.9,3.2,172.4
138,충무김밥,109.2,23.4,6,583.9
139,캘리포니아롤,89.2,12.3,9,487.6
140,한치초밥,77.9,13.7,0.8,374.2
141,해물덮밥,100.4,42,22.4,771.9
142,해물볶음밥,90.5,25.1,27,705.2
143,회덮밥,103.3,30.2,16.6,683
144,깻잎나물볶음,11.5,7.5,14.4,206
145,돼지고기볶음,18.2,23,20.7,350.7
146,돼지껍데기볶음,24.5,25.8,16.7,352
147,두부김치,14.1,19.5,17.1,288.2
148,머위나물볶음,7.6,3.5,7,108
149,멸치풋고추볶음,3.4,4.7,2.2,52.4
150,소세지볶음,31.8,18.8,29.9,471
151,순대볶음,76.7,20.7,21.3,582
152,양송이버섯볶음,11,4.5,8.3,136
153,오삼불고기,20.5,25.6,19.9,363
154,주꾸미볶음,22.8,18.3,5.2,211.4
155,표고버섯볶음,15.8,4.5,6.7,142
156,해물볶음,32.2,38.2,15.3,419.1
157,곰보빵,42.2,6.3,9.3,277.3
158,만주,46.8,5.1,1.6,222.5
159,버터크림빵,27.7,4.9,11,230
160,불고기피자,61.2,27.4,16.7,505
161,참치샌드위치,36.5,23.3,35.1,555
162,찹쌀도우넛,40,3.5,3.7,207
163,채소고로케,31.2,7.1,16.4,300.7
164,초콜릿케이크,43.6,5.3,25,420.2
165,치즈케이크,28.6,7.2,20.6,329.1
166,치즈피자,71.2,31.4,15.8,553
167,페이스트리빵,32.5,6,18.4,319.6
168,포테이토피자,71.6,28,25.5,628
169,수정과,20.3,0.6,5.5,133
170,식혜,24.3,2.3,2.6,130.1
171,간장마늘쫑장아찌,5.4,1,0.5,30
172,고추장마늘쫑장아찌,10.5,1.3,0.9,55
173,매실장아찌,17.4,0.5,0.1,72.9
174,무장아찌,5,0.4,0.2,23.9
175,계적,0,57.7,30.4,488.1
176,낙지꼬지,2.8,13.1,1.3,75.4
177,돔베기적,0,30.1,7.4,187.1
178,소고기산적,7.3,48.4,25.6,453.1
179,소라산적,6.5,17.9,2.5,120.1
180,오징어산적,3.6,17.4,2,101.7
181,홍어적,0,23.6,0.7,100.3
182,홍합산적,10.6,17.8,4.8,156.7
183,가자미전,6.9,25.8,11.1,230.3
184,고추전,17,12.9,17.2,274.7
185,굴전,14.5,10.6,10.5,195
186,깻잎전,14.5,17.7,25.8,361.1
187,녹두빈대떡,20.9,7.9,10.3,207.9
188,동그랑땡(육원전),12.7,19.6,20,309.2
189,동태전,10.5,22.6,15,268
190,두부전,7.5,20.5,15.9,254.6
191,미나리전,34.2,5.2,7.6,226.4
192,배추전,35.5,5.2,8.7,240.7
193,버섯전,16.2,10.5,14.9,240.7
194,야채전,21.6,5.4,9.5,194
195,햄부침,11.3,11.3,17.1,244
196,호박부침개,10.1,3.9,8.1,129
197,호박전,16.1,6.5,13.1,208.1
198,화양적,21.3,13.6,14.8,272.6
199,가자미조림,21.5,37.1,7.1,298
200,고추조림,13.4,3.3,4.9,111
201,동태조림,17.4,40.8,4.7,276
202,돼지고기메추리알장조림,3.4,8.3,1.9,63.5
203,북어조림,17.1,20.8,3.3,181.9
204,소고기메추리알장조림,2.9,8.1,1.8,60.7
205,조기조림,12.8,41.1,18.8,384
206,게살죽,107.3,17.9,7.1,564.8
207,깨죽,79.3,13.7,15.9,515.3
208,백합죽,84.7,16.5,5.6,455.3
209,소고기버섯죽,109,18.7,7.5,578.3
210,어죽,100.8,20.4,7.5,552.1
211,잣죽,155.3,19.2,19.6,874.5
212,참치죽,104.6,24.2,16.1,659.6
213,고등어찌개,25.6,48.9,33.7,601.6
214,꽁치찌개,12.2,24,23.3,355
215,두부전골,17.1,25.6,16.1,315.2
216,버섯찌개,15.4,14.7,5.2,167.6
217,새우젓두부찌개,7.2,16.2,8.1,166
218,소곱창전골,29.2,41.6,27.3,529
219,햄김치찌개,12.7,11.1,10.4,189
220,호박찌개,12.2,5.6,2.6,95
221,대구찜,24.7,51.7,7.9,376.4
222,도미찜,0.5,23,3.5,125.5
223,동태찜,25.8,50.9,9.7,394.3
224,돼지등갈비찜,57.4,72.1,49.2,961
225,돼지머리고기,3.5,42.4,52,650
226,매운갈비찜,23.7,61.3,19.7,517.4
227,문어숙회,0.7,14.9,0.5,66.9
228,민어찜,0,21.5,5.9,136.9
229,병어찜,0.2,18.9,11.5,179.7
230,북어찜,18,28.1,5.7,235
231,붕어찜,71.6,54.3,36.9,835.6
232,소갈비찜,13.1,49.9,27,494.6
233,아구찜,43.1,65.4,6.5,492.3
234,안동찜닭,139.5,114.2,38.8,1364.2
235,전어찜,0.6,17.3,23,278.2
236,조기찜,1.6,20.1,10.6,182.1
237,참꼬막,4.6,12.5,2.5,90.8
238,한방오리백숙,3.4,68.8,20.1,469.5
239,해물찜,35.4,42.6,9.8,400.1
240,홍어찜,1.2,47.1,1,202.7
241,갈낙탕,0.8,35.8,12.8,261.8
242,광어매운탕,9.1,58.4,16.6,419.8
243,낙지탕,10.4,29.4,3.2,187.8
244,대구매운탕,16.8,57.4,7.2,361.7
245,대구지리탕,9.9,41.6,6.2,262
246,메기매운탕,48.6,28.6,10.2,400
247,복지리탕,10.3,41.7,2.7,232.1
248,소탕,1.9,7.7,5.4,86.4
249,아구탕,12.8,37.8,4.9,246.1
250,어탕,1.8,12.7,3.1,85.9
251,연포탕,20.2,94.9,9,541.6
252,우럭매운탕,11.2,52.1,17,406.8
253,육탕,0.4,12.7,4,87.6
254,전복탕,15.8,26.8,3,196.9
255,조기매운탕,17.3,35.1,19.4,384.4
256,짱뚱어탕,16.6,11.5,8.5,188.8
257,해물탕,16.6,39.8,4.7,267.8
258,고구마맛탕,94.6,3.3,11,491
259,고구마튀김,33.8,2.7,11.9,253
260,고추튀김,14.6,7.6,12.6,202
261,닭튀김,48.8,65.2,49.7,903
262,등심돈가스,38.5,33,37.5,623.8
263,모래집튀김,29.1,28.1,26.6,468.4
264,미꾸라지튀김,28.9,10.9,25.4,387.5
265,생선까스,46.6,24.3,41.1,653.4
266,안심돈가스,34.3,33.3,42.4,651.8
267,쥐포튀김,42.5,9.6,16.5,356.9
268,치즈돈가스,41.8,42,46.7,755.4
269,치킨까스,44,27.9,33.9,593
270,대구포,2.3,32,0.4,140.8
271,북어포,0.3,15.4,0.4,66.5
272,매작과,19.8,2.3,3.9,123.9
273,산자,24.7,0.7,0.9,109.7
274,송화다식,22.2,2.5,1.3,110.8
275,약과,25.5,1.3,1.4,119.7
276,유과,22.3,0.8,3.9,127.1
277,가래떡,43.7,3.9,0.5,195
278,깨송편,42.8,4.7,3.2,219
279,꿀떡,49.5,3.7,1.7,228
280,모듬찰떡,42.3,6.8,2.4,218
281,백설기,50.4,3.7,1.5,229
282,쑥절편,34.9,7.7,2.4,192
283,약식,45.2,4.2,2.5,219
284,인절미,50.1,5.6,2.2,242
285,증편,44.2,3.2,1.2,200
286,찐감자,30,4.3,0.3,140
287,찐고구마,64.9,3.3,0.5,277
288,찐옥수수,68.4,13.4,4.8,370
289,참깨경단,38.6,6.3,6.7,239
290,팥시루떡,48.1,3.8,1.8,224
291,팥찹쌀떡,62.9,5.1,2.5,294
292,가자미구이,1.3,37.4,10,245
293,간장양념닭다리구이,10.6,68.9,46.9,740
294,갈치구이,1.2,43.1,11,275
295,고등어석쇠구이,7.6,46.7,51.4,679
296,굴비구이,0.1,28,19.9,291
297,꽁치구이,4.3,49.4,43.4,604
298,닭고기대파꼬치구이,17.6,30.3,25,416
299,닭구이,26.5,89.1,45.5,872
300,닭발구이,21.3,39.9,20.7,431
301,돼지갈비구이,10.4,84.7,55.6,881
302,돼지고기산적,2.6,49.4,14.6,339
303,돼지불고기,8.1,29.7,33.1,449
304,등심스테이크,0.3,60.4,16.1,388
305,런천미트구이,5.2,28.1,39,484
306,뱅어포구이,17.6,24.1,10.6,261
307,버섯구이,3.8,4.1,1.1,41
308,삼겹살고추장구이,25.3,28.4,65.7,805
309,삼치구이,2.9,42.8,19.1,355
310,새송이버섯구이,9.3,3.4,1.8,66
311,새우구이,5.1,42.1,8,260
312,소갈비구이,4.8,77.7,43.7,722
313,소곱창구이,7.1,22.3,17.6,275
314,소불고기,8.5,32.8,19.3,339
315,안심스테이크,0.2,69.6,9.7,366
316,오리고기구이,9.8,48.1,39.4,586
317,오리불고기,22.6,16.9,22.6,361
318,장어고추장구이,6.2,19.8,17.2,258
319,조기구이,36.4,34.8,19.5,460
320,쥐포구이,37.4,21.7,0.2,238
321,참치머리구이,2.5,47.8,16.2,346
322,치킨데리야끼,51.7,56.2,30.7,707
323,키조개구이,18.8,31.4,3.7,234
324,표고버섯구이,14.5,3.5,0.8,79
325,햄구이,2.6,26,51.4,577
326,감자된장국,14.8,4.3,2.4,98
327,감잣국,14.7,3.6,1.1,82
328,곰탕,0.7,20.6,6.7,145
329,굴무국,14.6,12,1.8,123
330,근대된장국,2.7,3.5,1.6,38
331,김치콩나물국,4.6,3.3,1.9,48
332,김칫국,10.5,5.4,3,90
333,꼬리곰탕,4.2,22.5,3.2,135
334,냉이된장국,8.8,6.9,2.6,86
335,달걀국,2.7,3.7,2.9,52
336,닭개장,9.9,19.2,3,142
337,대합미역국,2.2,4.9,1.8,44
338,도가니탕,4.1,41.8,1.6,198
339,동태국,5.6,9.7,0.6,66
340,메밀묵국,14.3,4,1.6,87
341,무시래기된장국,8.1,5.2,0.9,61
342,미역냉국,26.3,0.7,2.3,128
343,미역된장국,9.1,6.3,3.9,96
344,미역오이냉국,3,1.3,0.5,21
345,배추된장국,10.3,5.8,1.6,79
346,북엇국,3.4,15.6,3.9,111
347,뼈해장국,8.5,25.6,7.8,206
348,사골국,11.2,22.2,9.7,220
349,새우미역국,7.3,4.4,1.8,63
350,새우탕,10,25.8,2.2,163
351,선짓국,7.4,23.2,5.7,173
352,설렁탕,1.8,21.3,2.9,118
353,쇠고기무국,4.4,5.3,2.5,61
354,쇠고기미역국,3.3,7.4,1,52
355,쇠고기배추국,4.6,7.3,1.6,62
356,순댓국,89.7,14.1,10.5,509
357,순두부달걀탕,3.3,6.2,7.1,102
358,시금치된장국,3.9,4.1,0.7,37
359,쑥된장국,6.1,4.9,1.9,60
360,아욱된장국,6.3,9.1,2.2,81
361,애호박된장국,5.6,13.4,5.2,122
362,어묵국,13.4,5.2,3.6,106
363,얼갈이배춧국,3.4,2,1.6,36
364,오이냉국,2.7,1.5,2.4,38
365,오징어국,3.6,11.1,3.7,91
366,우거지곰탕,9.1,8.3,2.1,88
367,우거지된장국,3.3,11.1,2.3,78
368,육개장,6.5,16.2,4.4,130
369,일본된장국,0.4,1.4,1.5,20
370,재첩국,15.9,2.3,1,81
371,조갯국,1,6.7,3.6,62
372,콩나물국,2.4,2.9,0.3,24
373,콩나물된장국,10.5,10.3,4.5,123
374,토란국,10.4,4,0.5,62
375,해물된장국,10.7,8.4,3.9,111
376,호박잎된장국,1.9,1.4,1.1,23
377,홍합무국,3,2.8,7.1,87
378,갓김치,1.9,1,0.5,16
379,고들빼기김치,5.8,1.5,0.7,35
380,깍두기,2.1,0.8,0.5,16
381,깻잎김치,4.5,1.4,0.9,31
382,나박김치,1.1,0.5,0.4,9
383,돌나물물김치,3,1.2,0.3,19
384,동치미,4.5,0.6,0.7,27
385,백김치,2.1,0.9,0.5,16
386,보쌈김치,3.4,2,0.7,27
387,부추김치,3.2,1.3,0.6,23
388,얼갈이배추김치,8.7,1.3,1.2,50
389,열무김치,0.9,0.7,0.5,10
390,오이김치,4,1.4,0.6,26
391,오이소박이,4.4,1.7,0.9,32
392,총각김치,3.6,1,0.5,22
393,파김치,1.3,0.8,0.6,13
394,가죽나물무침,8,4.7,1.1,60
395,가지나물,2.1,0.7,0.8,17
396,건 취나물,3.2,1.8,2.7,44
397,고구마줄기나물,2.1,0.5,3.5,41
398,고사리나물,3.1,1.9,2.8,44
399,고춧잎나물,6.4,4,4.2,79
400,깻잎나물,2.5,1.3,2.6,38
401,냉이나물,9.4,3,1.8,66
402,도라지나물,6.6,1.2,3.8,65
403,머위대나물,2.4,2,1.3,28
404,무나물,1.8,0.3,0.2,10
405,방풍나물,8.6,3.5,1.4,60
406,배추나물,6.8,1.6,1.7,49
407,비름나물,4.6,2.8,3.2,58
408,숙주나물,1.5,1.1,0.8,17
409,시금치나물,1.7,1.9,2.2,34
410,시래기나물,3.9,2.2,3.6,56
411,씀바귀나물,14.9,3.5,1.6,87
412,애호박볶음,2.7,0.7,1.8,29
413,열무나물,4.3,3.5,4.8,74
414,열무된장나물,3.7,3.3,3.7,61
415,오이나물,0.4,1.5,6.5,66
416,유채나물무침,7,5.2,4.1,86
417,참나물무침,3.7,2.3,3.3,53
418,취나물된장무침,3.7,2.8,1.5,39
419,콩나물고춧가루무침,5.3,3.5,5.3,83
420,콩나물무침,1.6,1.9,2.3,34
421,토란대나물,3.8,4.6,3,61
422,톳나물무침,11,1.7,1.9,67
423,간짜장,75.7,25.6,24.4,625
424,고기만두,38.3,27.2,9.8,350
425,군만두,56.3,15.5,25.3,514
426,김치만두,37.4,22.5,10.5,334
427,달걀라면,95.3,14.4,17.5,596
428,떡라면,84,11.2,16.1,525
429,떡만두국,92.8,21.2,23.4,666
430,라면,75.1,9.5,12.5,450
431,막국수,143.4,34.8,9.6,799
432,만두,39.8,19,18,397
433,메밀국수,42.2,11,1,221
434,물냉면,72.2,13.7,4.5,383
435,물만두,35.9,18.5,25.6,448
436,미트볼 토마토 스파게티,88.1,36.7,44.4,898
437,바지락칼국수,111.8,24,3.7,576
438,볶음우동,74.4,8.4,6,385
439,비빔국수,102.4,15.1,4.8,512
440,비빔냉면,66.7,28.3,13.2,499
441,사골만두국,62.6,26.2,28,606
442,수제비,72,15,3.4,378
443,월남쌈,30.6,14.9,12.4,293
444,잔치국수,56.3,13.5,3.4,310
445,쟁반국수,57.7,30,20.5,535
446,쫄면,127.9,17.7,13.8,706
447,칼국수,104.3,23.1,3.5,540
448,콩국수,71.4,31.2,26.8,651
449,회냉면,111,29,20.1,741
450,검정콩밥,68.6,9.1,2.2,330
451,계란볶음밥,63,17.2,29.3,584
452,고추김밥,79.8,14.1,12.8,490
453,기장밥,73.5,6.9,1.1,331
454,김치김밥,51.8,11.6,10.9,351
455,낙지덮밥,84.4,20.6,11.7,525
456,날치알김밥,74.5,15.9,11.1,461
457,닭고기덮밥,60.8,46.8,8.9,510
458,돈까스김밥,101.2,18.5,18.6,646
459,돌솥비빔밥,93.8,20.5,11.2,558
460,돼지머리국밥,143.4,60.3,46.5,1233
461,모듬회덮밥,72.8,37.3,17,593
462,무밥,56.3,7.3,1.3,266
463,보리밥,73.5,5.8,0.5,321
464,볶음밥,118.9,19.5,9.7,640
465,불고기덮밥,107.8,26.4,21.2,728
466,생선모듬초밥,101.5,36.7,6.1,607
467,소머리국밥,27,15.8,7.5,239
468,쇠고기김밥,64.4,16.2,13.9,447
469,쇠고기볶음밥,56.6,19.7,16.9,456
470,쇠고기주먹밥,69.5,9.5,4.4,355
471,수수밥,70,6.3,1.8,321
472,알밥,52,15.6,16.9,422
473,영양돌솥밥,126.2,12,10,643
474,오징어덮밥,79,25.9,7.2,484
475,완두콩밥,62.5,5.9,0.3,276
476,유부초밥,59.6,11.6,11.5,388
477,육회비빔밥,68.8,19.2,10.1,442
478,잡곡밥,58.6,10.6,1.7,292
479,잡채밥,141.8,22.1,18.8,825
480,제육덮밥,79.2,44.3,50.6,949
481,짜장밥,73.2,20.1,22.2,572
482,짬뽕밥,104.9,28.8,12.6,647
483,차조밥,69.7,5.7,1.3,313
484,찰밥,94,12.3,0.5,429
485,참치김밥,50.7,17.5,18,435
486,참치마요삼각김밥,50.9,11.9,16.4,398
487,참치볶음밥,75.7,10.6,7.5,412
488,채소김밥,74.6,12.9,10.2,442
489,채소볶음밥,74.7,12.3,14,474
490,치즈김밥,59.7,16.9,19,476
491,콩나물국밥,85.2,11.3,1.9,403
492,콩나물밥,71.7,15,5.1,392
493,팥밥,64.5,6.6,0.2,286
494,표고버섯볶음밥,95.4,10.1,14.4,551
495,하이라이스,76.8,14.5,4.1,401
496,현미밥,89.5,7.1,1.1,396
497,흑미밥,80.1,6.5,0.2,348
498,감자채소볶음,17,2.6,6.8,139
499,건새우볶음,1.1,8.3,2.6,60
500,고추볶음,8.2,1.9,3.2,69
501,김치볶음,7.3,1.4,7.9,106
502,꽈리고추멸치볶음,4,11.8,7,126
503,낙지볶음,17.2,11.5,7.5,182
504,느타리버섯볶음,3.4,1.4,3.1,47
505,닭가슴살피망볶음,1.1,13.1,4.5,97
506,닭발볶음,23.4,27.6,18.8,372
507,닭볶음,23.8,41.9,32.9,558
508,당근볶음,7,0.8,6,85
509,돼지고기김치볶음,13.6,27.2,23.1,371
510,돼지고기채소볶음,19.8,38.1,17.5,388
511,돼지곱창순대볶음,42.6,16.6,6.9,299
512,라볶이,40.3,5.7,9.4,268
513,마늘쫑볶음,18.4,4.5,3.6,123
514,마늘쫑잔멸치볶음,7.7,3.8,1.4,58
515,마파두부,8.6,11.7,10.4,174
516,멸치견과류볶음,9.2,15.2,12.2,206
517,멸치마늘쫑볶음,6.2,16.2,5.4,138
518,멸치볶음,6.8,19.7,3.5,137
519,묵은지삼겹살볶음,16.8,11.5,21,302
520,문어고추장볶음,17.2,21.9,2,175
521,미역줄기볶음,3.9,0.8,4.8,61
522,브로콜리볶음,5,4,1.1,46
523,새송이버섯볶음,11.1,3.5,9.6,145
524,새우볶음,11.9,19.8,4.4,166
525,소시지볶음,28.8,23.9,38.7,559
526,쇠고기고추장볶음,23.6,31.6,23.7,434
527,쇠고기버섯볶음,15.9,26.7,17.8,330
528,쇠고기볶음,5.4,33.2,43.2,543
529,쇠고기채소볶음,14.8,29.4,12.4,288
530,양파볶음,7.6,0.8,1.2,44
531,어묵볶음,34.1,11.8,10.2,275
532,어묵잡채,73.2,6.6,10.6,414
533,어묵채소볶음 ,15.5,5.7,5.8,136
534,오징어볶음,14.9,19.7,13,255
535,오징어채볶음,4.1,4.1,3,59
536,유산슬,9,16.6,9.7,189
537,잔멸치견과류볶음,11.3,12.2,11.1,193
538,잔멸치고추볶음,2.9,16.6,4,114
539,잔멸치꽈리고추볶음,4.6,12.4,8.7,146
540,잔멸치볶음,4.8,21.8,7.1,170
541,잔멸치풋고추볶음,8.5,14.1,4.2,127
542,제육볶음,11.8,30.4,35.5,487
543,죽순쇠고기볶음,8.7,31.5,12.9,276
544,참치 김치볶음,7.1,8.3,6.7,121
545,채소떡볶이,114.1,6.2,3.8,515
546,콩나물잡채,28.9,4.4,2.2,153
547,팔보채,7.5,27.3,6.4,196
548,풋고추멸치볶음,6.7,10.3,3,94
549,햄채소볶음,21.1,23,25,401
550,BLT샌드위치,18.6,20.9,29.6,423
551,감자크로켓,18.4,8.5,20.9,295
552,꽈배기,30.1,5.8,14.3,272
553,닭가슴살샌드위치,48.2,28,27.4,551
554,링도넛,46.2,7.9,33.2,514
555,마늘빵,29,6,8.8,219
556,머핀,76.9,7.4,18,499
557,모닝빵,36.5,6.7,5.2,219
558,모카빵,86.9,12.8,12.1,507
559,베이글,64.2,12,7,367
560,불고기버거,45.4,27.8,23,499
561,사과파이,34.8,2.5,3.9,184
562,소보로빵,38.9,5.8,10.6,274
563,식빵,50.9,9.3,2.6,264
564,식빵토스트,51.5,8.8,13.8,365
565,참치 샌드위치,34.5,26.3,29.1,505
566,찹쌀도넛,38.9,4.2,3.2,201
567,채소샌드위치,42.9,7.4,26.5,439
568,초코 소라빵,36.2,2.3,7.7,222
569,츄러스,40.7,4.6,7.9,252
570,치킨버거,50.2,24.9,19.5,475
571,카스텔라,33.6,7,8,234
572,콤비네이션피자,51.1,21.3,28.7,548
573,크로아상,65,11.3,40.5,669
574,페이스트리,29.1,5.8,20.8,326
575,피자빵,63.5,17.7,30.1,595
576,햄버거,43.3,25.7,27.9,527
577,햄샌드위치,31.3,24.9,23.8,439
578,햄치즈샌드위치,45.8,21.1,18.4,433
579,호떡,85.7,8.1,10.6,470
580,가오리회무침,14.6,26.1,2.7,186
581,감자샐러드,18.4,2,12,189
582,골뱅이국수무침,43.5,11.5,3.4,250
583,과일샐러드,13,1.8,8.9,138
584,굴무생채,17.8,11,3.8,149
585,굴무침,5.8,5.3,1.9,61
586,김무침,5.8,6.4,3.2,77
587,낙지무침,7.1,22.3,2.2,137
588,느타리버섯무침,5.2,4.1,5.7,88
589,다시마무침,6.1,2.3,1.1,43
590,단호박샐러드,28.1,2.2,13.4,242
591,달래무침,3.6,1.7,1.8,37
592,닭가슴살샐러드,8,10.8,14.2,203
593,닭고기냉채,12,31.4,4.7,215
594,도라지생채,25.8,3.3,0.8,123
595,도라지오이생채,10.1,2.7,2.8,76
596,도토리묵 무침,21.8,1.9,5.9,147
597,돌나물무침,4.2,0.8,1.6,34
598,두릅초고추장무침,7.1,1.9,2.7,60
599,마늘쫑무침,3.8,0.8,1.5,31
600,무말랭이무침,4.5,0.8,0.3,24
601,무생채,11,3.6,1.7,73
602,미나리무침,4.9,1.2,1.9,41
603,미역초무침,2.6,0.6,0.5,17
604,민들레잎무침,11.1,2.4,2.1,72
605,배추겉절이,3.3,1.1,1.1,27
606,부추무침,6.2,3.5,5.9,92
607,북어채무침,18.1,42.6,4.4,282
608,상추겉절이,5.3,2.4,3.4,61
609,새싹채소샐러드,5,2.8,4.8,74
610,양배추샐러드,12.7,4,17.6,225
611,양상추샐러드,5.1,7.4,15.4,188
612,양장피,24.1,16,14.6,291
613,양파부추무침,6.8,1.8,1.1,44
614,열무겉절이,5.4,2.4,2.9,57
615,오이부추무침,5,2,0.4,31
616,오이생채,4.5,0.9,1.5,34
617,오이지무침,4.2,1,3.5,52
618,오징어무침,13,39.4,4.9,254
619,오징어물회,22.8,43.3,8.4,339
620,오징어채무침,22.7,18.9,4.4,206
621,오징어채소무침,18.2,14,2.2,149
622,옥수수샐러드,20.3,3.1,19.1,265
623,참치샐러드,11.3,16.2,13,226
624,채소샐러드,8.2,1.9,21.4,232
625,치커리겉절이,4.4,1.5,3.6,56
626,파래무침,1.5,1.1,0.5,14
627,파무침,13.6,3.4,4.2,105
628,풋고추된장무침,12,2.4,7.4,123
629,풋마늘무침,11.3,4.1,1,71
630,피조개무침,6.1,4.7,0.9,51
631,해초무침,8.5,0.9,0.2,39
632,호박오가리무침,21.5,6.1,10,200
633,회무침,21.5,20.2,4.1,203
634,팥빙수,82.4,14.3,1.7,401
635,미숫가루,31.2,6.2,6.8,211
636,고추장아찌,8.4,1.2,1.2,49
637,깻잎장아찌,3.1,0.4,0.7,20
638,단무지,0.7,0.1,0.1,3
639,더덕장아찌,26,4,0.8,127
640,마늘장아찌,4.6,6.2,11.6,147
641,무짠지,1,0.3,0.1,5
642,양파장아찌,7.9,1.3,0.4,40
643,오이장아찌,1.3,0.2,0.1,7
644,오이지,1.4,0.4,0.4,10
645,일본매실장아찌,3.3,0.4,0.5,19
646,치킨무,4,0.7,0.4,22
647,가지전,17.8,11,14.6,245
648,감자전,33.6,3.4,13.1,265
649,고구마전,50.4,4.1,11.2,318
650,김치전,28.5,7.6,6.3,201
651,달걀프라이,3.1,9.4,8.3,124
652,돼지고기완자전,13,29.6,11.9,277
653,두부부침,2.1,10.9,9.8,139
654,떡갈비,4.9,42.8,23.6,403
655,맛살전,39.4,15,12.5,329
656,메밀전,62.6,7.2,1.2,289
657,부추전,41.8,7,6.2,251
658,쇠고기완자전,9.4,37.5,15.1,323
659,애호박전,10.1,6.5,12.9,182
660,참치완자전,27.1,30,13,345
661,채소전,22.6,3.6,4.5,145
662,표고버섯전,19.1,15.2,15,271
663,해물완자전,36.1,22.9,23.2,444
664,해물파전,27.4,8.3,12.6,256
665,햄달걀부침,8.1,12.7,21.6,277
666,가자미식해,29.1,27.7,12,335
667,간장게장,15.1,17.6,2.8,155
668,양념갈치젓,9.3,14,4.6,134
669,양념게장,25.2,20.4,1.2,193
670,양념멸치젓,0.4,0.6,0.1,4
671,양념새우젓,0.6,0.7,0.2,6
672,오징어젓,0.3,1,0.1,6
673,갈치조림,6.2,12.7,2.8,100
674,감자조림,9,1.2,1.8,56
675,건갈치조림,4.6,15.9,5,127
676,고등어조림,4.1,11.3,8.8,141
677,꽁치조림,5.1,15.5,17.9,243
678,달걀장조림,8.7,9.8,7.1,138
679,닭고추장조림,33.1,22.8,17.4,379
680,닭조림,9.9,27.1,16.3,294
681,돼지고기 메추리알 장조림,4.3,20.1,7.7,166
682,돼지고기장조림,0.6,15.6,0.9,72
683,두부조림,2.2,4.8,4.8,71
684,땅콩조림,4,3.7,7.3,96
685,마늘쫑조림,43.8,4,0.3,194
686,메추리알 장조림,6.3,14.2,13.4,202
687,멸치조림,8.9,40.9,13.2,318
688,무조림,6.4,3.4,3.6,71
689,미트볼조림,19.4,27.2,16.1,331
690,버섯조림,9.3,6.6,3,90
691,병어조림,4.9,12.5,4.8,112
692,삼치조림,2.6,15.9,5.6,124
693,쇠고기 메추리알 장조림,15.6,11.7,5.4,157
694,쇠고기장조림,4.8,10.4,0.9,68
695,양미리조림,9.1,5.8,0.7,65
696,어묵조림,46.3,11.6,9.5,317
697,연근조림,14.7,1.3,2.6,87
698,오징어조림,18.7,24.8,3.6,206
699,오징어채조림,12.7,11.8,2.4,119
700,우엉조림,10.4,1.4,1,56
701,쥐포조림,36.1,13,8.9,276
702,코다리조림,4.2,16.5,0.4,86
703,콩조림,10.4,5.4,2.3,84
704,닭죽,28.6,10.7,2.3,177
705,쇠고기죽,50.4,8.6,0.9,244
706,양송이스프,8.1,2.4,7,105
707,오리고기죽,79.8,30,19.9,618
708,전복죽,38.5,7.3,14.9,317
709,채소죽,30.5,6.7,2.8,173
710,호박죽,26.3,7.7,6.8,197
711,흑임자죽,14.6,4.4,18.9,245
712,갈치찌개,4.9,13.2,2.5,94
713,감자탕,12,33.4,21.5,375
714,김치전골,15.3,8.4,11.4,197
715,꽁치김치찌개,9.6,19.3,14,241
716,꽃게탕,8.6,11.1,2.5,101
717,낙지전골,11.2,19.5,3.4,153
718,내장탕,10.1,34.9,27.1,423
719,냉이된장찌개,10.2,4.1,1.1,66
720,달래된장찌개,13.3,11.1,2.8,122
721,닭볶음탕,25.6,35.7,9.6,332
722,대구 매운탕,1.1,27,2.4,134
723,동태찌개,3.4,12.2,2.7,87
724,돼지고기김치찌개,2.1,8.5,5.4,90
725,돼지고기찌개,6.8,18.8,4.5,143
726,두부고추장찌개,15.9,20,13.1,261
727,두부된장찌개,6.9,8.8,5.3,110
728,두부쇠고기고추장찌개,18.9,12.8,4,162
729,두부애호박된장찌개,20.1,17.6,4.3,189
730,버섯샤브샤브,5.5,13.6,3.2,104
731,버섯전골,14.3,15.4,12.7,233
732,쇠고기 샤브샤브,10.8,32.3,9.7,259
733,쇠고기된장찌개,10.5,17.1,5.9,163
734,쇠고기전골,1.4,23.7,9.7,187
735,순두부김치찌개,4.3,6,3.2,69
736,알탕,9.1,33.1,3.8,203
737,어묵김치찌개,16.4,4.7,1.5,98
738,오리백숙,1.5,31.8,22.5,335
739,오리탕,36.5,57,39.4,728
740,오징어찌개,11.9,8.2,0.5,85
741,장어탕,29.4,34.5,31.2,536
742,조개된장찌개,3.5,8.6,2.2,68
743,참치김치찌개,8.7,10.8,8.5,154
744,청국장찌개,3.8,10.1,4.2,93
745,콩나물된장찌개,18.9,7.7,4.4,146
746,콩비지찌개,14.3,26.9,12.3,275
747,해물매운탕,15.1,29.1,3.9,211
748,햄 김치찌개,9.5,4.4,4.2,93
749,호박고추장찌개,16.7,5.8,2.8,115
750,가오리찜,0.9,44,2.8,204
751,깻잎찜,6,5.2,5.9,97
752,꼬막찜,13.9,24.1,4.5,192
753,꽈리고추찜,17.7,3.6,2.1,103
754,달걀찜(우유),7.6,16.5,12.6,209
755,돼지갈비찜,22.3,39.9,37,581
756,돼지고기 수육,7,59.6,74.5,936
757,쇠갈비찜,20.8,21.8,9.5,256
758,쇠고기사태찜,11,36.3,15.5,328
759,쇠고기수육,6.1,85.3,14.8,498
760,순대,78.6,6,8,410
761,아귀찜,14.5,13.4,6.3,168
762,애호박찜,21.2,9.5,6.5,181
763,코다리찜,12.2,29,2.7,188
764,풋고추찜,8.3,2.3,1,51
765,해물콩나물찜,9.9,13.3,2,111
766,간장양념닭다리튀김,35.8,37.7,39.2,646
767,간장양념치킨,42.5,20.5,32.4,543
768,감자튀김,52.7,6.8,25.5,467
769,고등어튀김,10.7,29.5,39.3,513
770,김말이튀김,39.7,3,23.8,384
771,김튀김,27.2,5.5,14.4,260
772,깐풍기,27.4,18.9,17.7,344
773,다시마튀각,23.7,4.2,13.3,230
774,닭강정,45,23.7,19.5,450
775,닭날개튀김,21,34.3,32.5,514
776,등심돈까스,22.6,33.8,26.5,463
777,떡강정,95.8,7.6,9.4,498
778,미역튀각,10.6,6.6,17,221
779,새우탕수육,26,13.3,8.4,232
780,소시지튀김,8,28.1,62.6,707
781,오징어튀김,33.7,18.6,33,505
782,채소튀김,36.8,3.3,27.1,404
783,치킨너겟,14.9,22.5,35.4,468
784,탕수육,24.8,27.2,16.8,358
785,바지락맑은국,7.8,3.9,0,46.9
786,바지락 미역국,4.1,8,0.6,53.5
787,북어 무국,4.3,8.4,0.6,56.3
788,소고기 무국,3.4,6.5,0.8,46.5
789,홍합 배춧국,2.1,2,0.7,23.1
790,미역 미소국,2.4,1.1,0,14.3
791,토마토 미소된장국,5.3,3.4,1.3,46.9
792,닭곰탕,4.2,17.9,0.1,89.4
793,소고기 들깨 알토란탕,17.4,7.6,5.2,146.4
794,코다리 뿌리채소 들깨탕,3.6,14.8,2.2,93.3
795,얼큰 콩나물 수제비,48,9.1,0.1,228.8
796,퀴노아팥수프,28,6.4,32.8,432.3
797,함박스테이크 & 토마토카레소스,9.7,6.2,2.3,84
798,퓨전떡갈비,24.7,12.6,5.2,195.9
799,참치 두부 함박스테이크,25.9,8.9,11.3,240.9
800,유린기,5.1,13.9,9.2,158.6
801,과일먹은 닭탕수,11.3,5.1,4.3,104.1
802,소고기 가라아게 & 칠리소스,15.4,14.7,8.9,200.5
803,삼치튀김 & 타르타르소스,2.1,11.1,13,169.7
804,단호박 생선탕수 & 키위소스,13.7,3.9,5.2,116.6
805,두부해물완자,11.2,6.2,5.2,116.2
806,돈수육 & 해물냉채,3,11.6,8.1,131.9
807,닭가슴살 두부선,1.1,14.4,3.6,94.3
808,두부구이 & 버섯소스,2.9,7,5.7,91.1
809,제주도 빙떡 & 귤간장소스,20,1.3,1,94
810,단호박 마전,16.6,2.5,5.1,122.3
811,알록달록화전 & 멸치두부전,24.3,4.7,3.6,147.9
812,삼색 꽃 화전,22.4,2.1,7,160.6
813,일본식 계란말이,8.7,10,7.1,138.3
814,토마토 채소 계란찜,4,11.7,13.2,181.8
815,돈불고기 파인애플볶음,5.7,9,6.1,113.2
816,만가닥버섯볶음,3.3,1.6,0.6,25.3
817,브로콜리견과류볶음,5.3,3,8.9,113.5
818,유부 우엉 잡채,3,1.1,2.7,40.7
819,곤약 감자조림,8.8,0.6,0,37.8
820,삼색나물 & 토마토양념장,5.7,1.7,0.7,36
821,무염 겉절이,2.5,0.5,0,12
822,저염 겉절이,2.1,0.7,0.2,13.1
823,고구마 김치,22.4,0.9,0.3,95.9
824,배 깍두기,6.3,0.7,0.4,31.7
825,콜라비 깍두기,6.1,2.1,0.9,40.7
826,비타 오이 물김치,3,0.3,0,13.5
827,무말랭이 김치,2.6,0.1,0,10.9
828,김치양배추볶음,2.8,0.9,2.2,34.2
829,매운 락교무침,8,0.7,0.2,36.5
830,모둠야채 수제피클,22.7,0.2,0.1,92.5
831,양파홍초절임,12.6,0.6,0.5,56.9
832,유부초절임,6.1,1.5,0.5,34.3
833,완두콩과 당근을 넣은 감자요거트샐러드,8.2,1.6,0.5,43.5
834,마늘칩 감자샐러드,10.2,1.2,3.9,80.1
835,단호박견과류샐러드,16,2.9,2.8,100.8
836,치즈두부샐러드,7.9,6.2,5.3,104.1
837,코울슬로샐러드,3.7,0.6,2.4,38.5
838,연근샐러드 & 흑임자소스,3.8,0.7,1.2,28.8
839,고구마순나물,2.1,1.6,4,50.2
840,비름나물 된장무침,2.5,1.2,1.1,24.6
841,아욱 된장무침,1.2,0.9,0.3,11.3
842,톳나물 두부무침,0.9,3.6,2.7,42.2
843,채소 초밥,87.6,7.6,1.4,393.3
844,홍시에이드,10.3,0.2,0,42.1
845,가츠동,90,25,28,720
846,갈비찜,57.4,72.1,49.2,963
847,갈비탕,2.7,57,13.8,363
848,감자볶음,16.2,1.9,6.9,134
849,고등어구이,0.4,47.7,40,552
850,고르곤졸라피자,44.3,16.4,10,321.3
851,귤,13.3,0.8,0.3,53
852,김밥,77.1,11.4,6.2,418.6
853,김치볶음밥,51.9,17.6,30.3,551
854,김치찌개,11.9,15.1,15,244
855,까르보나라,85,20,35,750
856,나가사끼짬뽕,102.4,29.6,11.5,646.6
857,달걀말이,4.6,11.2,13.3,183
858,달걀찜,4.5,4.8,5.8,89
859,달걀후라이,0.4,6.3,7,90
860,닭가슴살,20.2,21,9.7,252
861,닭갈비,44.9,45.9,25.8,596
862,닭찜,139.5,114.2,38.9,1365
863,닭훈제구이,2,40,8,250
864,도넛,34,4,15,280
865,돼지고기고추장불고기,18.2,23,20.7,350
866,된장찌개,16.1,7.3,4.7,136
867,딸기,11,2,2.3,73
868,떡국,100.1,24,8,568.4
869,떡볶이,29.3,5.5,2.7,164
870,라멘,71.9,8.9,14.9,466.1
871,랍스타,0,42,1.5,181.5
872,롤케이크,40,5,12,300
873,만두국,90.7,20.4,10.4,540
874,무김치,5.9,2.4,0.4,36
875,미역국,3.5,2.6,2.5,46
876,바게트빵,55,9,1,270
877,방울토마토,3.9,0.9,0.2,18
878,배추김치,6.5,2,0.4,38
879,보쌈,3.4,2,0.7,27
880,복숭아,9.5,0.9,0.3,39
881,봉골레파스타,85,20,20,600
882,부대찌개,39.7,18.4,18.6,402
883,북어국,5.7,24.5,6.8,180
884,붕어빵,55,6,7,300
885,비빔밥,93.7,23.9,24.6,704.9
886,사과,9.1,0.2,0,38
887,삶은달걀,0.6,12.8,10.7,150
888,삼겹살구이,0.7,45.1,83.4,934
889,삼계탕,34.6,96.1,43.2,911
890,새우볶음밥,84.5,23.3,22.7,636
891,새우튀김,35,20,20,400
892,생선초밥,70.2,24.5,7.7,463.1
893,생선회,0,40,12,268
894,생크림케이크,40,5,20,350
895,소시지구이,2,14,28,320
896,순대국밥,58.4,19.6,25.7,543
897,순두부찌개,43.5,51.9,34.3,693.1
898,스크램블드에그,1.6,10,11,149
899,스테이크,20.8,27,29.6,458
900,시금치,1.7,1.9,2.2,34
901,시리얼,30,4,2,150
902,쌀국수,79.3,22.4,8.6,500.6
903,쌀밥,67,6,0.7,300
904,아보카도샐러드,15,5,18,250
905,양꼬치,5,40,35,500
906,양념치킨,42.3,35.5,26.8,552
907,어묵탕,20,15,7,200
908,에그타르트,26,5,15,260
909,연어구이,0.2,24.8,14.9,234
910,오렌지주스,26,2,0.5,110
911,오리구이,0,40,50,600
912,오므라이스,77.5,16.4,15,526.5
913,오트밀,27,5,3,150
914,왕돈가스,15.9,13.9,17.9,280
915,우동,97.7,14.3,25.8,680
916,육회,123.6,27.3,20.2,805
917,잡채,112.4,17.7,11.9,646.4
918,장어구이,8.8,30.8,30.6,433.5
919,장어덮밥,75.2,17.5,10,475
920,조미김,1.4,1,1.5,24
921,족발,0,28.9,11.7,220
922,짜장면,86.2,16.2,13.3,529
923,짬뽕,102.4,29.6,11.5,646.6
924,쭈꾸미볶음,20,25,12,300
925,찐빵,70,9,5,350
926,초밥,70.2,24.5,7.7,463.1
927,추어탕,26.8,22.7,13.2,320
928,춘권,30,8,10,250
929,치킨카레,123.2,13.6,7.7,617.5
930,카레라이스,123.2,13.6,7.7,617.5
931,카페라떼,3.1,2.7,3.7,57
932,카프레제샐러드,8,12,18,250
933,크로와상,26,5,14,240
934,크림파스타,80,18,32,680
935,타코야키,50,12,18,400
936,토스트,35.8,5.8,3.1,193.5
937,티라미수,30,6,20,320
938,파전,34.8,6.8,14,292.5
939,팥죽,70,10,5,350
940,페퍼로니피자,44.3,16.4,10,321.3
941,푸딩,22,4,5,150
942,함박스테이크,20.8,27,29.6,458
943,핫도그,35,12,18,350
944,후라이드치킨,48.8,65.2,49.7,903
